<?xml version="1.0" encoding="utf-8" ?>
<dwsync>
<file name="pattern.png" server="rahbarinfotech.com" local="130561509700000000" remote="130561434000000000" Dst="0" />
<file name="dummy1.jpg" server="rahbarinfotech.com" local="131048891032858410" remote="131048890800000000" Dst="0" />
<file name="logo.png" server="rahbarinfotech.com" local="130567238240000000" remote="130566618000000000" Dst="0" />
<file name="sep.png" server="rahbarinfotech.com" local="130567199100000000" remote="130566618000000000" Dst="0" />
<file name="18_2.jpg" server="rahbarinfotech.com" local="131048905922673921" remote="131048905800000000" Dst="0" />
<file name="192.jpg" server="rahbarinfotech.com" local="131048907523077009" remote="131048907000000000" Dst="0" />
<file name="designed-restaurant-pos.png" server="rahbarinfotech.com" local="131048908993254598" remote="131048908800000000" Dst="0" />
<file name="easy-start-point-of-sale.png" server="rahbarinfotech.com" local="131048909067754450" remote="131048908800000000" Dst="0" />
<file name="low-cost-restaurant-pos.png" server="rahbarinfotech.com" local="131048909117132175" remote="131048908800000000" Dst="0" />
<file name="user-friendly-restaurant-pos.png" server="rahbarinfotech.com" local="131048909292367505" remote="131048908800000000" Dst="0" />
<file name="no-it-headaches-point-of-sale.png" server="rahbarinfotech.com" local="131048909227076320" remote="131048908800000000" Dst="0" />
<file name="grow-easily-restaurant-pos.png" server="rahbarinfotech.com" local="131048909174233630" remote="131048908800000000" Dst="0" />
<file name="business-owner-restaurant-pos.png" server="rahbarinfotech.com" local="131048909493557766" remote="131048909400000000" Dst="0" />
<file name="dashboard-restaurant-point-of-sale.png" server="rahbarinfotech.com" local="131048909435826331" remote="131048909400000000" Dst="0" />
<file name="browser-restaurant-pos.png" server="rahbarinfotech.com" local="131048909388066582" remote="131048908800000000" Dst="0" />
<file name="picture1.png" server="rahbarinfotech.com" local="131048929134345629" remote="131048928600000000" Dst="0" />
<file name="picture3.png" server="rahbarinfotech.com" local="131048929660954442" remote="131048929200000000" Dst="0" />
<file name="picture4.png" server="rahbarinfotech.com" local="131048928567401305" remote="131048928000000000" Dst="0" />
<file name="picture5.png" server="rahbarinfotech.com" local="131048929485847434" remote="131048929200000000" Dst="0" />
<file name="picture6.png" server="rahbarinfotech.com" local="131048930069802846" remote="131048929800000000" Dst="0" />
<file name="picture7.png" server="rahbarinfotech.com" local="131048928916643690" remote="131048928600000000" Dst="0" />
<file name="picture8.png" server="rahbarinfotech.com" local="131048929925504370" remote="131048929800000000" Dst="0" />
<file name="picture25.png" server="rahbarinfotech.com" local="131048929308336722" remote="131048929200000000" Dst="0" />
</dwsync>