<?xml version="1.0" encoding="utf-8" ?>
<dwsync>
<file name="736 ad.jpeg" server="rahbarinfotech.com" local="131096798532144044" remote="131097547800000000" Dst="0" />
<file name="al bake.jpeg" server="rahbarinfotech.com" local="131096804304441748" remote="131097547800000000" Dst="0" />
<file name="lotus.jpeg" server="rahbarinfotech.com" local="131096800516833724" remote="131097547800000000" Dst="0" />
<file name="kabooze.jpeg" server="rahbarinfotech.com" local="131096816719094001" remote="131097547800000000" Dst="0" />
<file name="liquiaram.jpeg" server="rahbarinfotech.com" local="131096807161827388" remote="131097547800000000" Dst="0" />
<file name="chick zone.png" server="rahbarinfotech.com" local="131096815751286774" remote="131097547800000000" Dst="0" />
<file name="bharat chicken.png" server="rahbarinfotech.com" local="131096805614302379" remote="131097547800000000" Dst="0" />
<file name="big burrup.jpeg" server="rahbarinfotech.com" local="131096804066384225" remote="131097547800000000" Dst="0" />
<file name="chef style.jpeg" server="rahbarinfotech.com" local="131096807677901477" remote="131097547800000000" Dst="0" />
<file name="chin chin.jpeg" server="rahbarinfotech.com" local="131096798841322471" remote="131097547800000000" Dst="0" />
<file name="chowrangjee.jpeg" server="rahbarinfotech.com" local="131096811343047484" remote="131097547800000000" Dst="0" />
<file name="crusty.png" server="rahbarinfotech.com" local="131096799207110401" remote="131097547800000000" Dst="0" />
<file name="dada i.jpeg" server="rahbarinfotech.com" local="131096802864041259" remote="131097547800000000" Dst="0" />
<file name="flaming chilli.jpeg" server="rahbarinfotech.com" local="131096802535909248" remote="131097547800000000" Dst="0" />
<file name="fork with stick.jpeg" server="rahbarinfotech.com" local="131096807998248570" remote="131097547800000000" Dst="0" />
<file name="garage.jpeg" server="rahbarinfotech.com" local="131096806429801244" remote="131097547800000000" Dst="0" />
<file name="izu.jpeg" server="rahbarinfotech.com" local="131096802232976998" remote="131097547800000000" Dst="0" />
<file name="king kulfi.png" server="rahbarinfotech.com" local="131096801051244187" remote="131097547800000000" Dst="0" />
<file name="matchbox.jpeg" server="rahbarinfotech.com" local="131096801774435925" remote="131097547800000000" Dst="0" />
<file name="mugal cusin.jpeg" server="rahbarinfotech.com" local="131096804657318555" remote="131097547800000000" Dst="0" />
<file name="mugal exp.jpeg" server="rahbarinfotech.com" local="131096805238947155" remote="131097547800000000" Dst="0" />
<file name="neighbourhood.png" server="rahbarinfotech.com" local="131096812493139847" remote="131097547800000000" Dst="0" />
<file name="odd even.jpeg" server="rahbarinfotech.com" local="131096796275115190" remote="131097547800000000" Dst="0" />
<file name="polka.jpeg" server="rahbarinfotech.com" local="131096803702140949" remote="131097547800000000" Dst="0" />
<file name="sand burg_2.png" server="rahbarinfotech.com" local="131096846035258669" remote="131097547800000000" Dst="0" />
<file name="the ziel.jpeg" server="rahbarinfotech.com" local="131096795880512769" remote="131097547800000000" Dst="0" />
</dwsync>