<?xml version="1.0" encoding="utf-8" ?>
<dwsync>
<file name="jquery.js" server="rahbarinfotech.com" local="130561434700000000" remote="130561434000000000" Dst="0" />
<file name="modernizr.js" server="rahbarinfotech.com" local="130566584160000000" remote="130565754000000000" Dst="0" />
<file name="bootstrap.js" server="rahbarinfotech.com" local="130566492960000000" remote="130565754000000000" Dst="0" />
<file name="menustick.js" server="rahbarinfotech.com" local="130567248380000000" remote="130566618000000000" Dst="0" />
<file name="parallax.js" server="rahbarinfotech.com" local="130561474240000000" remote="130561434000000000" Dst="0" />
<file name="easing.js" server="rahbarinfotech.com" local="130566502800000000" remote="130565754000000000" Dst="0" />
<file name="wow.js" server="rahbarinfotech.com" local="130561439520000000" remote="130561434000000000" Dst="0" />
<file name="smoothscroll.js" server="rahbarinfotech.com" local="130566515480000000" remote="130565754000000000" Dst="0" />
<file name="masonry.js" server="rahbarinfotech.com" local="130566620880000000" remote="130566618000000000" Dst="0" />
<file name="imgloaded.js" server="rahbarinfotech.com" local="130566621260000000" remote="130566618000000000" Dst="0" />
<file name="classie.js" server="rahbarinfotech.com" local="130566621520000000" remote="130566618000000000" Dst="0" />
<file name="colorfinder.js" server="rahbarinfotech.com" local="130566621840000000" remote="130566618000000000" Dst="0" />
<file name="gridscroll.js" server="rahbarinfotech.com" local="130566632680000000" remote="130566618000000000" Dst="0" />
<file name="contact.js" server="rahbarinfotech.com" local="130548236220000000" remote="130547610000000000" Dst="0" />
<file name="common.js" server="rahbarinfotech.com" local="130566616480000000" remote="130565754000000000" Dst="0" />
<file name="jquery-2.1.4.min.js" server="rahbarinfotech.com" local="130946801798126723" remote="131097501600000000" Dst="0" />
</dwsync>